"Reference","Qty","Value","DNP","Exclude from BOM","Exclude from Board","Footprint","Datasheet"
"Batt+1,Power_Pad_SMD1","2","power_pad_smd","","","","Pads:Power_pad_smd",""
"C1,C2,C3","3","2.2uF","DNP","Excluded from BOM","Excluded from board","Capacitor_SMD:C_0805_2012Metric_Pad1.18x1.45mm_HandSolder","~"
"C4,C5","2","680uF 80V","DNP","Excluded from BOM","Excluded from board","ul_80ZLJ680MGC18X25:CAP_YX_18X25_RUB","80ZLJ680MGC18X25"
"C6,C9","2","47nF 100V","","","","Capacitor_SMD:C_0805_2012Metric_Pad1.18x1.45mm_HandSolder","https://content.kemet.com/datasheets/KEM_C1090_X7R_ESD.pdf"
"C7","1","0.1uF 16V","","","","Capacitor_SMD:C_0603_1608Metric_Pad1.08x0.95mm_HandSolder",""
"C8","1","1uF 6.3V","","","","Capacitor_SMD:C_0603_1608Metric_Pad1.08x0.95mm_HandSolder","https://www.direnc.net/1uf-16v-10-x5r-603-smd-kondansator"
"C10","1","22uF 16V","","","","Capacitor_SMD:C_0805_2012Metric_Pad1.18x1.45mm_HandSolder",""
"C11","1","0.1uF 6.3V","","","","08056D104KAT2A:CAPC2012X140N",""
"C12","1","1uF 16V","","","","C0603C105K4RACTU:CAPC1608X90N",""
"C13","1","0.1 uF 100V","","","","CL10B104KC8NNNC:CAPC1608X90N",""
"C14","1","22uF 100V","","","","ECA2AM220B:CAPPRD500W50D630H1120",""
"C15,C16,C17,C29","4","10nF","","","","Capacitor_SMD:C_0603_1608Metric_Pad1.08x0.95mm_HandSolder","~"
"C18,C19,C20,C28,C32","5","1uF","","","","Capacitor_SMD:C_0603_1608Metric_Pad1.08x0.95mm_HandSolder","direnc.net,https://www.direnc.net/1uf-50v-10-603-smd-kondansator,~"
"C21","1","4u7","","","","Capacitor_SMD:C_0603_1608Metric_Pad1.08x0.95mm_HandSolder","~"
"C22,C23,C24,C26,C30,C31","6","100nF","","","","Capacitor_SMD:C_0805_2012Metric_Pad1.18x1.45mm_HandSolder","direnc.net,https://www.direnc.net/100nf50v-805-kilif"
"C25,C27","2","33pF","","","","Capacitor_SMD:C_0805_2012Metric_Pad1.18x1.45mm_HandSolder","~"
"C33,C34,C35,C36,C38","5","2.2uF","","","","Capacitor_SMD:C_0603_1608Metric_Pad1.08x0.95mm_HandSolder","~"
"C37,C39","2","680uF 80V","","","","ul_80ZLJ680MGC18X25:80ZLJ680MGC18X25","80ZLJ680MGC18X25"
"D1","1","80V 1A","","","","Diode_SMD:D_SMA","https://www.smc-diodes.com/propdf/SS12-SS110%20N0229%20REV.C.pdf"
"D2","1","LEDA","","","","LED_SMD:LED_0603_1608Metric_Pad1.05x0.95mm_HandSolder","~"
"D3","1","LEDB","","","","LED_SMD:LED_0603_1608Metric_Pad1.05x0.95mm_HandSolder","~"
"D4","1","LEDC","","","","LED_SMD:LED_0603_1608Metric_Pad1.05x0.95mm_HandSolder","~"
"D5","1","USBLC6-2SC6Y","","","","SOT95P280X145-6N","https://www.st.com/resource/en/datasheet/usblc6-2sc6y.pdf"
"D6","1","D_Zener","","","","LIB_MMSZ4684-13P:SOD3716X135N","~"
"H1,H2,H3,H4","4","MountingHole","","Excluded from BOM","","MountingHole:MountingHole_3.2mm_M3","~"
"IC1","1","TCAN330DCNT","","","","LIB_TCAN330DCNT:SOT65P280X145-8N","https://www.ti.com/lit/gpn/TCAN330"
"J1,J5","2","BM04B-GHS-TBT_LF__SN__N_","","","","ul_BM04B-GHS-TBT-LF-SN-N-:JST_BM04B-GHS-TBT_LF__SN__N_","http://www.jst-mfg.com/product/pdf/eng/eGH.pdf"
"J2","1","USB_C_Receptacle_USB2.0_16P","","","","Connector_USB:USB_C_Receptacle_GCT_USB4105-xx-A_16P_TopMnt_Horizontal","https://www.usb.org/sites/default/files/documents/usb_type-c.zip"
"J3","1","Conn_01x02_Socket","","","","TerminalBlock:TerminalBlock_MaiXu_MX126-5.0-02P_1x02_P5.00mm","~"
"J4","1","Conn_01x04_Pin","","","","Connector_PinHeader_1.00mm:PinHeader_1x04_P1.00mm_Vertical","~"
"L1","1","22uH 1.6A","","","","DR73-220-R:INDM7676X355N",""
"L2","1","100MHz / 1kR","","","","Inductor_SMD:L_0603_1608Metric_Pad1.05x0.95mm_HandSolder","~"
"Q1,Q2,Q3,Q4,Q5,Q6","6","STB75NF75T4","DNP","Excluded from BOM","Excluded from board","STB75NF75T4","https://www.st.com/resource/en/datasheet/stb75nf75.pdf"
"Q7,Q8,Q9,Q10,Q11,Q12","6","STL90N6F7","","","","STL90N6F7:STL90N6F7_Thermal_Vias","https://www.st.com/resource/en/datasheet/stl90n6f7.pdf"
"R1,R2,R3","3","47k","DNP","Excluded from BOM","Excluded from board","Resistor_SMD:R_0603_1608Metric_Pad0.98x0.95mm_HandSolder","~"
"R4","1","100K","","","","Resistor_SMD:R_0603_1608Metric_Pad0.98x0.95mm_HandSolder",""
"R5,R8,R9","3","10K","","","","Resistor_SMD:R_0603_1608Metric_Pad0.98x0.95mm_HandSolder",""
"R6","1","5k6","","","","RC0603FR-073K3L:RESC1607X60N",""
"R7","1","1k","","","","RNCP0603FTD1K00:RESC1508X50N",""
"R10,R12,R14","3","91k","","","","Resistor_SMD:R_0603_1608Metric_Pad0.98x0.95mm_HandSolder",""
"R11,R13,R15","3","4k7","","","","Resistor_SMD:R_0603_1608Metric_Pad0.98x0.95mm_HandSolder",""
"R16,R17,R22,R26","4","10k","","","","Resistor_SMD:R_0603_1608Metric_Pad0.98x0.95mm_HandSolder","~"
"R18,R19,R20","3","330R","","","","Resistor_SMD:R_0603_1608Metric_Pad0.98x0.95mm_HandSolder","~"
"R21","1","0 ohm","","","","RMCF0603ZT0R00:RESC1508X55N","~"
"R23","1","3.3k","","","","Resistor_SMD:R_0603_1608Metric_Pad0.98x0.95mm_HandSolder","~"
"R24","1","100k","","","","Resistor_SMD:R_0603_1608Metric_Pad0.98x0.95mm_HandSolder",""
"R25,R28","2","R_Small","","","","Resistor_SMD:R_0603_1608Metric_Pad0.98x0.95mm_HandSolder","~"
"R27","1","120R","","","","Resistor_SMD:R_0603_1608Metric_Pad0.98x0.95mm_HandSolder","~"
"RGA1,RGA2,RGB1,RGB2,RGC1,RGC2","6","0ohm","DNP","Excluded from BOM","Excluded from board","RMCF0603ZT0R00:RESC1508X55N",""
"RGA3,RGA4,RGB3,RGB4,RGC3,RGC4","6","0ohm","","","","RMCF0603ZT0R00:RESC1508X55N",""
"Rsense_A1,Rsense_A2,Rsense_A3,Rsense_B1,Rsense_B2,Rsense_B3,Rsense_C1,Rsense_C2,Rsense_C3","9","3mohm","DNP","Excluded from BOM","Excluded from board","CSNL2512FT3L00:RESC6331X75N",""
"Rsense_A4,Rsense_A5,Rsense_B4,Rsense_B5,Rsense_C4,Rsense_C5","6","2mohm","","","","CRF2512-FZ-R002ELF:RESC6432X80N",""
"SW1,SW2","2","SW_SPDT","","","","Button_Switch_SMD:SW_SPDT_PCM12","~"
"TH1","1","ERT-J1VG103FA","","","","Resistor_SMD:R_0603_1608Metric","~"
"U1","1","DRV8323RSRGZR","","","","DRV8323RSRGZR:QFN50P700X700X100-49N","kicad-embed://drv8323.pdf"
"U2","1","ME6211C33M5","","","","Package_TO_SOT_SMD:SOT-23-5","https://www.lcsc.com/datasheet/lcsc_datasheet_2304140030_MICRONE-Nanjing-Micro-One-Elec-ME6211C33R5G_C235316.pdf"
"U3","1","STM32G431CBU6","","","","STM32G431CBU6:QFN50P700X700X60-49N",""
"Y1","1","ECS-80-20-5PX-TR","","","","ECS-80-20-5PX-TR:XTAL_ECS-80-20-5PX-TR",""
